District,Address,Town,Latitude,Longitude,Region,First Name,Second Name,Contact Number,Contact email,Description
ASUNAFO  NORTH,ASUNAFO ROAD ,ASUNAFO  ,5.5490387,-0.2327615,AHAFO,John3,Test2,233243057533,jkunmi@me.com,Test District Office Profile 2,
ASUNAFO  NORTH,ADA ROAD,ADANSI ,5.5508207,-0.2482161,AHAFO,Adams,Imoru,233200164798,adamsmoru@gmail,Test District Office Profile 3,
ADANSI SOUTH,AFIGYA STREET,AFIGYA KWABRE,6.6719,-1.6051000,ASHANTI,Ruth Esi,Braso,233200168058,ruthbrao7@gmail.com,Test District Office Profile 4,
AFIGYA KWABRE NORTH,BRE ROAD,KWABRE ,6.6498,-1.6351000,ASHANTI,Bridgette,Barnor,233200171591,barnorbrdgette@gmail.com,Test District Office Profile 5,
KWABRE EAST MUNICIPAL,KWABRE STREET,KWABRE ,6.7364,-1.6365000,ASHANTI,EMMANUEL,OFFEI,233200171939,damascuemma@gmail.com,Test District Office Profile 6,
KPONE KATAMANSO,ONE STREET,KPONE ,6.7381,-1.6381000,GREATER ACCRA,John,Osabu,233200177260,johnsonoabu@gmail.com,Test District Office Profile 7,
TAMALE METRO,TAMALE CLOSE,TAMALE,6.6883,-1.5920000,NORTHERN,GILBERT,GYAMFI,233200183041,gilge23@gmail.com,Test District Office Profile 8,
