Region,Address,Town,Latitude,Longitude,First Name,Second Name,Contact Number,Contact email,Description
AHAFO,ASUNAFO ROAD ,ASUNAFO  ,5.5590387,-0.2327615,Godfred,Adjido,233200199948,godfrdadjido74@gmail.com,Test Regional  Office Profile 1
ASHANTI,AFIGYA STREET,KUMASI,6.7719,-1.6051000,ISAAC,OFOSU,233200204074,isaacwekuayensu@gmail.com,Test Regional  Office Profile 2
GREATER ACCRA,MINISTRUES ,ACCRA,6.8381,-1.6381000,Lawson,Damani,233200204347,edlawmani@yahoo.com,Test Regional  Office Profile 3
NORTHERN,TAMALE CLOSE,TAMALE,6.2883,-1.5920000,bridget,Hackman,233206629924,bnaai19@gmail.com,Test Regional  Office Profile 4
